year,total_appointments,total_reappointments,reappointment_proportion
2013,381,5,0.013123
2014,393,11,0.02799
2015,289,21,0.072664
2016,256,16,0.0625
2017,436,52,0.119266
2018,308,34,0.11039
2019,391,48,0.122762
2020,277,43,0.155235
2021,266,45,0.169173
2022,223,37,0.165919
2023,232,46,0.198276
2024,266,43,0.161654
