year,total_appointments,reappointments,government_wide_proportion
2013,370,3.0,0.008108108108108109
2014,393,10.0,0.02544529262086514
2015,289,18.0,0.06228373702422145
2016,248,16.0,0.06451612903225806
2017,426,42.0,0.09859154929577464
2018,294,28.0,0.09523809523809523
2019,388,42.0,0.10824742268041238
2020,277,34.0,0.12274368231046931
2021,266,31.0,0.11654135338345864
2022,223,29.0,0.13004484304932734
2023,225,36.0,0.16
2024,262,35.0,0.13358778625954199
