year,total_appointments,total_reappointments,reappointment_proportion
2013,344,5,0.014534883720930232
2014,359,9,0.025069637883008356
2015,261,21,0.08045977011494253
2016,229,14,0.0611353711790393
2017,402,44,0.10945273631840796
2018,252,30,0.11904761904761904
2019,354,46,0.12994350282485875
2020,233,39,0.16738197424892703
2021,244,44,0.18032786885245902
2022,191,33,0.17277486910994763
2023,206,43,0.2087378640776699
2024,230,42,0.1826086956521739
