year,reappointments,total_appointments,reappointment_proportion
2013,4,381,1.0498687664041995
2014,10,393,2.5445292620865136
2015,18,289,6.228373702422145
2016,16,256,6.25
2017,42,436,9.63302752293578
2018,28,308,9.090909090909092
2019,42,391,10.741687979539643
2020,34,277,12.274368231046932
2021,31,266,11.654135338345863
2022,29,223,13.004484304932735
2023,36,232,15.517241379310345
2024,35,266,13.157894736842104
