year,total_appointments,total_reappointments,reappointment_proportion
2013,370,92,0.24864864864864866
2014,393,83,0.21119592875318066
2015,289,43,0.14878892733564014
2016,248,41,0.16532258064516128
2017,426,133,0.31220657276995306
2018,294,90,0.30612244897959184
2019,388,125,0.32216494845360827
2020,277,82,0.296028880866426
2021,266,78,0.2932330827067669
2022,223,78,0.34977578475336324
2023,225,76,0.3377777777777778
2024,262,80,0.3053435114503817
