year,reappointments,total_appointments,annual_proportion
2013,4.0,381,0.010498687664041995
2014,10.0,393,0.02544529262086514
2015,18.0,289,0.06228373702422145
2016,16.0,256,0.0625
2017,42.0,436,0.0963302752293578
2018,28.0,308,0.09090909090909091
2019,42.0,391,0.10741687979539642
2020,34.0,277,0.12274368231046931
2021,31.0,266,0.11654135338345864
2022,29.0,223,0.13004484304932734
2023,36.0,232,0.15517241379310345
2024,35.0,266,0.13157894736842105
