year,total_reappointments,total_appointments,reappointment_proportion
2013,5,381,0.013123359580052493
2014,11,393,0.027989821882951654
2015,21,289,0.0726643598615917
2016,16,256,0.0625
2017,52,436,0.11926605504587157
2018,34,308,0.11038961038961038
2019,48,391,0.12276214833759591
2020,43,277,0.1552346570397112
2021,45,266,0.16917293233082706
2022,35,223,0.15695067264573992
2023,45,232,0.1939655172413793
2024,43,266,0.16165413533834586
