year,reappointments,total_appointments,reappointment_proportion
2013,3,381,0.007874015748031496
2014,10,393,0.02544529262086514
2015,18,289,0.06228373702422145
2016,16,256,0.0625
2017,42,436,0.0963302752293578
2018,28,308,0.09090909090909091
2019,42,391,0.10741687979539642
2020,34,277,0.12274368231046931
2021,31,266,0.11654135338345864
2022,29,223,0.13004484304932734
2023,36,232,0.15517241379310345
2024,35,266,0.13157894736842105
