year,total_appointments,reappointment_count,gov_reappointment_proportion
2013,370,5,0.013513513513513514
2014,393,11,0.027989821882951654
2015,289,21,0.0726643598615917
2016,248,16,0.06451612903225806
2017,426,52,0.12206572769953052
2018,294,34,0.11564625850340136
2019,388,48,0.12371134020618557
2020,277,43,0.1552346570397112
2021,266,45,0.16917293233082706
2022,223,35,0.15695067264573992
2023,225,45,0.2
2024,262,43,0.16412213740458015
