year,total_appointments,reappointments,reappointment_proportion
2013,381,3,0.007874015748031496
2014,393,10,0.02544529262086514
2015,289,18,0.06228373702422145
2016,256,16,0.0625
2017,436,42,0.0963302752293578
2018,308,28,0.09090909090909091
2019,391,42,0.10741687979539642
2020,277,34,0.12274368231046931
2021,266,31,0.11654135338345864
2022,223,29,0.13004484304932734
2023,232,36,0.15517241379310345
2024,266,35,0.13157894736842105
