year,total_appointments,total_reappointments,reappointment_proportion
2013,381,99,0.2598425196850393
2014,393,83,0.2111959287531806
2015,289,43,0.1487889273356401
2016,256,41,0.16015625
2017,436,139,0.3188073394495412
2018,308,91,0.2954545454545454
2019,391,126,0.3222506393861892
2020,277,83,0.2996389891696751
2021,266,81,0.3045112781954887
2022,223,79,0.3542600896860987
2023,232,83,0.3577586206896552
2024,266,81,0.3045112781954887
