year,total,reappointments,reappointment_proportion
2013,381,15,0.03937007874015748
2014,393,11,0.027989821882951654
2015,289,21,0.0726643598615917
2016,256,24,0.09375
2017,436,62,0.14220183486238533
2018,308,48,0.15584415584415584
2019,391,51,0.13043478260869565
2020,277,43,0.1552346570397112
2021,266,45,0.16917293233082706
2022,223,35,0.15695067264573992
2023,232,52,0.22413793103448276
2024,266,47,0.17669172932330826
