year,total_appointments,total_reappointments,reappointment_proportion
2013,381,98,0.2572178477690289
2014,393,83,0.21119592875318066
2015,289,43,0.14878892733564014
2016,256,41,0.16015625
2017,436,133,0.30504587155963303
2018,308,90,0.2922077922077922
2019,391,125,0.319693094629156
2020,277,82,0.296028880866426
2021,266,78,0.2932330827067669
2022,223,78,0.34977578475336324
2023,232,80,0.3448275862068966
2024,266,80,0.3007518796992481
