year,total_appointments,total_reappointments,reappointment_proportion
2013,381,99,0.25984251968503935
2014,393,83,0.21119592875318066
2015,289,43,0.14878892733564014
2016,256,41,0.16015625
2017,436,139,0.31880733944954126
2018,308,91,0.29545454545454547
2019,391,126,0.32225063938618925
2020,277,84,0.30324909747292417
2021,266,82,0.3082706766917293
2022,223,79,0.3542600896860987
2023,232,83,0.3577586206896552
2024,266,81,0.30451127819548873
