year,total_appointments,total_reappointments,reappointment_proportion
2013,370,94,0.25405405405405407
2014,393,83,0.21119592875318066
2015,289,43,0.14878892733564014
2016,248,41,0.16532258064516128
2017,426,139,0.32629107981220656
2018,294,91,0.30952380952380953
2019,388,126,0.3247422680412371
2020,277,83,0.2996389891696751
2021,266,81,0.30451127819548873
2022,223,79,0.3542600896860987
2023,225,79,0.3511111111111111
2024,262,81,0.30916030534351147
