year,total_appointments,total_reappointments,reappointment_proportion
2013,381,99,0.25984251968503935
2014,393,82,0.20865139949109415
2015,289,43,0.14878892733564014
2016,256,38,0.1484375
2017,436,139,0.31880733944954126
2018,308,91,0.29545454545454547
2019,391,126,0.32225063938618925
2020,277,81,0.2924187725631769
2021,266,81,0.30451127819548873
2022,223,76,0.34080717488789236
2023,232,81,0.34913793103448276
2024,266,81,0.30451127819548873
