year,total_employees,reappointment_count,annual_reappointment_proportion
2013,381,5.0,0.013123359580052493
2014,393,11.0,0.027989821882951654
2015,289,21.0,0.0726643598615917
2016,256,16.0,0.0625
2017,436,52.0,0.11926605504587157
2018,308,34.0,0.11038961038961038
2019,391,48.0,0.12276214833759591
2020,277,43.0,0.1552346570397112
2021,266,45.0,0.16917293233082706
2022,223,35.0,0.15695067264573992
2023,232,45.0,0.1939655172413793
2024,266,43.0,0.16165413533834586
