year,total_reappointments,total_appointments,reappointment_proportion
2013,97,381,25.45931758530184
2014,83,393,21.119592875318066
2015,43,289,14.878892733564014
2016,41,256,16.015625
2017,133,436,30.504587155963304
2018,90,308,29.22077922077922
2019,125,391,31.9693094629156
2020,82,277,29.602888086642597
2021,78,266,29.32330827067669
2022,78,223,34.97757847533632
2023,80,232,34.48275862068966
2024,80,266,30.075187969924812
