year_from,year_to,proportion_change,appointments_change,reappointments_change
2013,2014,-4.859999999999999,12.0,-16.0
2014,2015,-6.24,-104.0,-40.0
2015,2016,1.1399999999999988,-33.0,-2.0
2016,2017,15.86,180.0,98.0
2017,2018,-2.3299999999999983,-128.0,-48.0
2018,2019,2.679999999999996,83.0,35.0
2019,2020,-2.269999999999996,-114.0,-43.0
2020,2021,0.48999999999999844,-11.0,-2.0
2021,2022,4.98,-43.0,-2.0
2022,2023,0.3500000000000014,9.0,4.0
2023,2024,-5.330000000000002,34.0,-2.0
