year,govt_reappointment_proportion
2013,0.007874015748031496
2014,0.02544529262086514
2015,0.06228373702422145
2016,0.0625
2017,0.0963302752293578
2018,0.09090909090909091
2019,0.10741687979539642
2020,0.12274368231046931
2021,0.11654135338345864
2022,0.13004484304932734
2023,0.15517241379310345
2024,0.13157894736842105
