year,reappointment_count,total_appointments,reappointment_proportion
2013,3,370,0.008108108108108109
2014,10,393,0.02544529262086514
2015,18,289,0.06228373702422145
2016,16,248,0.06451612903225806
2017,42,426,0.09859154929577464
2018,28,294,0.09523809523809523
2019,42,388,0.10824742268041238
2020,34,277,0.12274368231046931
2021,31,266,0.11654135338345864
2022,29,223,0.13004484304932734
2023,36,225,0.16
2024,35,262,0.13358778625954199
